,rp
2010-01-04,0.9988993484358011
2010-01-05,1.000130398217244
2010-01-06,0.9997875113649765
2010-01-07,0.9992959303706559
2010-01-08,0.9987891277919263
2010-01-11,0.9997156943069838
2010-01-12,1.0000963709698032
2010-01-13,0.9974393050625691
2010-01-14,0.9986674422954396
2010-01-15,0.9991132622098058
2010-01-18,0.9996267524915888
2010-01-19,1.0001200653384148
2010-01-20,0.9998914464740073
2010-01-21,1.0000563119528758
2010-01-22,1.0002143824682328
2010-01-25,1.0004182694422554
2010-01-26,1.000165989798338
2010-01-27,0.999892691698985
2010-01-28,0.9999669709340558
2010-01-29,1.0000434659011967
2010-02-01,1.000469127579654
2010-02-02,1.0017874211136975
2010-02-03,1.0039436816713794
2010-02-04,1.0031594579764258
2010-02-05,1.0019151799783015
2010-02-08,1.002648491353249
2010-02-09,1.003661426272367
2010-02-10,1.004568190648304
2010-02-11,1.0049409516230794
2010-02-12,1.0057493384144958
2010-02-22,1.0063390531629304
2010-02-23,1.0055396014756675
2010-02-24,1.0061975506280034
2010-02-25,1.0075115037126032
2010-02-26,1.010653206459372
2010-03-01,1.0125260235809
2010-03-02,1.012773364191035
2010-03-03,1.0147597800911408
2010-03-04,1.0135595865609395
2010-03-05,1.0144166995472557
2010-03-08,1.015754687831317
2010-03-09,1.0155498540199508
2010-03-10,1.016217968508297
2010-03-11,1.0158279233697238
2010-03-12,1.0156697525932739
2010-03-15,1.0152262417633786
2010-03-16,1.0160501823045665
2010-03-17,1.0179837329546577
2010-03-18,1.0180994900752243
2010-03-19,1.0187549157693816
2010-03-22,1.0182733144290284
2010-03-23,1.0179105168416056
2010-03-24,1.0183660644242487
2010-03-25,1.0175134800565528
2010-03-26,1.0179787540148544
2010-03-29,1.0192097521495118
2010-03-30,1.0189652881353495
2010-03-31,1.0191235781945645
2010-04-01,1.0196095001417114
2010-04-02,1.020026855865088
2010-04-06,1.020523621031938
2010-04-07,1.0197307413582442
2010-04-08,1.018593743543183
2010-04-09,1.0193712776955692
2010-04-12,1.0195925567071586
2010-04-13,1.0204270465873049
2010-04-14,1.020635376588513
2010-04-15,1.0208973210683876
2010-04-16,1.0207667814732175
2010-04-19,1.0199100360613116
2010-04-20,1.0208481800856515
2010-04-21,1.0218357672108813
2010-04-22,1.0218397631855538
2010-04-23,1.0224961162585902
2010-04-26,1.0235705062152913
2010-04-27,1.0232420877799153
2010-04-28,1.023785561489933
2010-04-29,1.023906188838315
2010-04-30,1.0245078261874598
2010-05-04,1.0238886860721745
2010-05-05,1.0237844322525482
2010-05-06,1.0227959138608238
2010-05-07,1.0246332118286523
2010-05-10,1.0251120817438293
2010-05-11,1.0248947327062017
2010-05-12,1.0263807789998107
2010-05-13,1.0277284425789648
2010-05-14,1.0275834254863352
2010-05-17,1.0272010487977477
2010-05-18,1.0285376282313479
2010-05-19,1.0299063990043322
2010-05-20,1.0286927159226702
2010-05-21,1.0292409111582972
2010-05-24,1.030156966257554
2010-05-25,1.0296161537436432
2010-05-26,1.0302241705412658
2010-05-27,1.0304850515214812
2010-05-28,1.0303311828911983
2010-05-31,1.0297436419189807
2010-06-01,1.0288640502675788
2010-06-02,1.0292483088505826
2010-06-03,1.0297912349260199
2010-06-04,1.0297305312911513
2010-06-07,1.0300475923785228
2010-06-08,1.0304535290920018
2010-06-09,1.031193073571323
2010-06-10,1.0304461864024814
2010-06-11,1.0298505639559812
2010-06-17,1.0306303181224052
2010-06-18,1.0283776286168393
2010-06-21,1.0298002963729385
2010-06-22,1.029764737188369
2010-06-23,1.0294067835975478
2010-06-24,1.0291074922747345
2010-06-25,1.0294881290671036
2010-06-28,1.0306631562955522
2010-06-29,1.029680904957288
2010-06-30,1.0301707585522677
2010-07-01,1.0301475891308238
2010-07-02,1.0298260606925775
2010-07-05,1.0301936742405384
2010-07-06,1.03223218059056
2010-07-07,1.0325140051949353
2010-07-08,1.0331149480518167
2010-07-09,1.033954182486926
2010-07-12,1.0350601058750815
2010-07-13,1.0357897757221868
2010-07-14,1.0371717628127448
2010-07-15,1.0369902468954948
2010-07-16,1.037521168412268
2010-07-19,1.0385658915514169
2010-07-20,1.0392594319385946
2010-07-21,1.0395179447591831
2010-07-22,1.039941000683365
2010-07-23,1.0401433676063965
2010-07-26,1.0400512121058623
2010-07-27,1.0394238091912384
2010-07-28,1.0397245125513317
2010-07-29,1.040315443193819
2010-07-30,1.040076699074585
2010-08-02,1.0411511527538688
2010-08-03,1.040468652244548
2010-08-04,1.0412490108487689
2010-08-05,1.041153931759595
2010-08-06,1.0420008239186014
2010-08-09,1.0428322343272403
2010-08-10,1.0418412352457953
2010-08-11,1.042468469305188
2010-08-12,1.043320486420775
2010-08-13,1.0447364845053402
2010-08-16,1.0459663222900852
2010-08-17,1.0464041219352616
2010-08-18,1.0463847318656043
2010-08-19,1.0471233673183182
2010-08-20,1.0468303260488516
2010-08-23,1.0471930897425932
2010-08-24,1.047371988350564
2010-08-25,1.0469766517622303
2010-08-26,1.047061788946975
2010-08-27,1.0468851414700213
2010-08-30,1.0500372098928796
2010-08-31,1.0496558215198784
2010-09-01,1.0499350115291448
2010-09-02,1.0505182699546212
2010-09-03,1.0505648791966882
2010-09-06,1.0513498454178885
2010-09-07,1.0507652534148566
2010-09-08,1.0508492818106023
2010-09-09,1.049741517822772
2010-09-10,1.048960534399677
2010-09-13,1.0485974634399646
2010-09-14,1.0485494045558306
2010-09-15,1.0480348739808454
2010-09-16,1.0470039134014653
2010-09-17,1.0472070588905917
2010-09-20,1.0472536070584653
2010-09-21,1.0469384516406481
2010-09-27,1.0477701179550782
2010-09-28,1.0472226712061172
2010-09-29,1.0476448826805473
2010-09-30,1.04868505858287
2010-10-08,1.050988380342085
2010-10-11,1.0515821689634466
2010-10-12,1.0517419975204678
2010-10-13,1.0524673559247493
2010-10-14,1.053148657991627
2010-10-15,1.0544201282425325
2010-10-18,1.0541243570590646
2010-10-19,1.0549966389219616
2010-10-20,1.047374634889529
2010-10-21,1.0450473078939935
2010-10-22,1.0447733066739375
2010-10-25,1.046764205126632
2010-10-26,1.0448687791052498
2010-10-27,1.0434448837422947
2010-10-28,1.0434453532349892
2010-10-29,1.0433360971263266
2010-11-01,1.0449244067251315
2010-11-02,1.0433650632771332
2010-11-03,1.0405134819639499
2010-11-04,1.0396389855306531
2010-11-05,1.040093114496197
2010-11-08,1.040100781408772
2010-11-09,1.0396948217780935
2010-11-10,1.0363000245049137
2010-11-11,1.0349554634369877
2010-11-12,1.031599348620519
2010-11-15,1.0310403290941317
2010-11-16,1.0297327115844155
2010-11-17,1.0295300528858817
2010-11-18,1.0310260957280033
2010-11-19,1.0302125449047435
2010-11-22,1.0279440061416891
2010-11-23,1.0261672879108772
2010-11-24,1.0257808281775826
2010-11-25,1.0253841595457474
2010-11-26,1.0238283312350884
2010-11-29,1.024218998226007
2010-11-30,1.0239564841025182
2010-12-01,1.0259478969380957
2010-12-02,1.02692490506583
2010-12-03,1.026998725374277
2010-12-06,1.0284344042156885
2010-12-07,1.0298976533765876
2010-12-08,1.0290636329947225
2010-12-09,1.0280650932165816
2010-12-10,1.028835595976532
2010-12-13,1.030716668532792
2010-12-14,1.0308366704602774
2010-12-15,1.0312041303115191
2010-12-16,1.0313286671804995
2010-12-17,1.0315040617489324
2010-12-20,1.0318795925140154
2010-12-21,1.0328629351668344
2010-12-22,1.0325445518383605
2010-12-23,1.0320060399844504
2010-12-24,1.0317729770852464
2010-12-27,1.0286247404642979
2010-12-28,1.0276843880171898
2010-12-29,1.028461307862309
2010-12-30,1.0292063752538656
2010-12-31,1.0306957733134028
2011-01-04,1.0329554435806818
2011-01-05,1.0338202784536625
2011-01-06,1.0340074950558833
2011-01-07,1.0349476794398407
2011-01-10,1.0343420776668795
2011-01-11,1.0345245657297133
2011-01-12,1.0352747159232398
2011-01-13,1.0343803305567867
2011-01-14,1.032279064751734
2011-01-17,1.029000799386308
2011-01-18,1.0281045917512572
2011-01-19,1.0289036168819643
2011-01-20,1.0264493095775806
2011-01-21,1.026663770283217
2011-01-24,1.0263851100390604
2011-01-25,1.0250887090708494
2011-01-26,1.0257281176286979
2011-01-27,1.026266574202438
2011-01-28,1.0254990577874974
2011-01-31,1.026610889514364
2011-02-01,1.0271321412229044
2011-02-09,1.0253186429957024
2011-02-10,1.0254375341324096
2011-02-11,1.0254817258939004
2011-02-14,1.0282717594746815
2011-02-15,1.0284041737707925
2011-02-16,1.0287773753965215
2011-02-17,1.0288939033698075
2011-02-18,1.0286874232151004
2011-02-21,1.0285104378196024
2011-02-22,1.02740508670787
2011-02-23,1.0284536727670006
2011-02-24,1.030892375692598
2011-02-25,1.0301908348038014
2011-02-28,1.0317583239245338
2011-03-01,1.032294743613305
2011-03-02,1.033122365450492
2011-03-03,1.0332148961275596
2011-03-04,1.0335994103854123
2011-03-07,1.0358300070335191
2011-03-08,1.0363312982200643
2011-03-09,1.0370764244760386
2011-03-10,1.0354889480773255
2011-03-11,1.034424560600243
2011-03-14,1.03543103033719
2011-03-15,1.0350825663295955
2011-03-16,1.0357137971654629
2011-03-17,1.0356874527783695
2011-03-18,1.036530365060177
2011-03-21,1.036554743983351
2011-03-22,1.036677448711466
2011-03-23,1.0374708029164328
2011-03-24,1.037754818729748
2011-03-25,1.0386228780794817
2011-03-28,1.0380824830600253
2011-03-29,1.0377715894878732
2011-03-30,1.0379698391961083
2011-03-31,1.037412326191969
2011-04-01,1.0386286898873658
2011-04-06,1.0402187605353443
2011-04-07,1.0406649383772195
2011-04-08,1.0418128187389228
2011-04-11,1.042249032430621
2011-04-12,1.0424323049088489
2011-04-13,1.0437186071529716
2011-04-14,1.044023840879787
2011-04-15,1.0448988276072304
2011-04-18,1.0452140342202183
2011-04-19,1.0446061916970208
2011-04-20,1.0448728950858772
2011-04-21,1.0452328121105925
2011-04-22,1.045436505038474
2011-04-25,1.0450897063147697
2011-04-26,1.0442197703979035
2011-04-27,1.0443981644606888
2011-04-28,1.0448960047171232
2011-04-29,1.0456372198656745
2011-05-03,1.0463658506983649
2011-05-04,1.0451775324317794
2011-05-05,1.0447423331918233
2011-05-06,1.044498197481915
2011-05-09,1.0456357908893608
2011-05-10,1.0467879562407807
2011-05-11,1.0473701547777525
2011-05-12,1.0461181378421813
2011-05-13,1.0469439924224322
2011-05-16,1.0460869963260933
2011-05-17,1.046652765437661
2011-05-18,1.0471512897657742
2011-05-19,1.0467981727777
2011-05-20,1.0468535372662262
2011-05-23,1.0454933497569043
2011-05-24,1.0457993089456925
2011-05-25,1.0454248426328763
2011-05-26,1.0456841495772926
2011-05-27,1.045936886338896
2011-05-30,1.046190335542705
2011-05-31,1.0467484829634668
2011-06-01,1.0463400792058426
2011-06-02,1.0456031273535626
2011-06-03,1.0457102782586816
2011-06-07,1.0465132663941012
2011-06-08,1.045813518453461
2011-06-09,1.0445952889195556
2011-06-10,1.044528884266925
2011-06-13,1.0438979868806109
2011-06-14,1.0431452920943642
2011-06-15,1.0409100240794817
2011-06-16,1.0399400549554965
2011-06-17,1.0392640190363909
2011-06-20,1.0401154949180729
2011-06-21,1.0416123443982015
2011-06-22,1.0407334057096955
2011-06-23,1.0411528972678168
2011-06-24,1.0428329548236062
2011-06-27,1.0432309629252354
2011-06-28,1.0435609907755241
2011-06-29,1.0429717464493329
2011-06-30,1.0436315624629038
2011-07-01,1.0438291532836794
2011-07-04,1.0453226804692937
2011-07-05,1.04538791885446
2011-07-06,1.0455672085862626
2011-07-07,1.0452724246753302
2011-07-08,1.0458411187535446
2011-07-11,1.0464336835262271
2011-07-12,1.0454890146274993
2011-07-13,1.0470374524212256
2011-07-14,1.046829653218214
2011-07-15,1.0463267050222418
2011-07-18,1.0464813004937297
2011-07-19,1.045090316610644
2011-07-20,1.0422440550465468
2011-07-21,1.0404767916375246
2011-07-22,1.0398527997497007
2011-07-25,1.0390955943019238
2011-07-26,1.0388786085999915
2011-07-27,1.0391879014958334
2011-07-28,1.038221924941821
2011-07-29,1.038190861118829
2011-08-01,1.0384126027304408
2011-08-02,1.0380753126989244
2011-08-03,1.0383828140435647
2011-08-04,1.0384899191806296
2011-08-05,1.0384343224390216
2011-08-08,1.0387137930904256
2011-08-09,1.0408645993469894
2011-08-10,1.0414832843116855
2011-08-11,1.0442657941697095
2011-08-12,1.0435215839456664
2011-08-15,1.0445852111910425
2011-08-16,1.0451115022143498
2011-08-17,1.0458925294863168
2011-08-18,1.0447955589652889
2011-08-19,1.0469476281728525
2011-08-22,1.0480579910536993
2011-08-23,1.0486006577762141
2011-08-24,1.0468343377238547
2011-08-25,1.0450099346990587
2011-08-26,1.0458919252795422
2011-08-29,1.042765012364616
2011-08-30,1.0399988245569634
2011-08-31,1.041410328433416
2011-09-01,1.0416595197893517
2011-09-02,1.0419209215616596
2011-09-05,1.0427121027207635
2011-09-06,1.0434994716954444
2011-09-07,1.041253074259172
2011-09-08,1.0403390485391009
2011-09-09,1.0413588967611627
2011-09-13,1.0401180278871212
2011-09-14,1.0402270918451757
2011-09-15,1.03912675608425
2011-09-16,1.0376508568532379
2011-09-19,1.038220785190018
2011-09-20,1.0375430775530303
2011-09-21,1.0396990484971513
2011-09-22,1.0374271370310366
2011-09-23,1.0376086568773297
2011-09-26,1.0328294986463742
2011-09-27,1.035515167239655
2011-09-28,1.0351429819142002
2011-09-29,1.0343868046869433
2011-09-30,1.035131556390554
2011-10-10,1.038717987141987
2011-10-11,1.0398024780965576
2011-10-12,1.0419432064047225
2011-10-13,1.042570984237809
2011-10-14,1.043455427290823
2011-10-17,1.0453559964336185
2011-10-18,1.0453485660308224
2011-10-19,1.0490124370522471
2011-10-20,1.0493899913386189
2011-10-21,1.0498705246697202
2011-10-24,1.052308402622097
2011-10-25,1.052415664906353
2011-10-26,1.0546849688385236
2011-10-27,1.0549860575919667
2011-10-28,1.0567633681669928
2011-10-31,1.0565991605926677
2011-11-01,1.0581938144666743
2011-11-02,1.0608126591552325
2011-11-03,1.0612608640358212
2011-11-04,1.0633227419233102
2011-11-07,1.0636670114130442
2011-11-08,1.0655104542834675
2011-11-09,1.0674397187124527
2011-11-10,1.0685212070748615
2011-11-11,1.0701969048749005
2011-11-14,1.0723676522129706
2011-11-15,1.0707939384531255
2011-11-16,1.0689456518842178
2011-11-17,1.0673897328496373
2011-11-18,1.0657883888169564
2011-11-21,1.0647496284530658
2011-11-22,1.063924274364766
2011-11-23,1.0646847762243472
2011-11-24,1.064783944238966
2011-11-25,1.0642057543573409
2011-11-28,1.0650215084382924
2011-11-29,1.065322950766046
2011-11-30,1.0635422392758758
2011-12-01,1.071908704944934
2011-12-02,1.0731036383656782
2011-12-05,1.0732110547857223
2011-12-06,1.0718847568064918
2011-12-07,1.072953168885602
2011-12-08,1.0735339549640066
2011-12-09,1.0726029686928873
2011-12-12,1.0714207458961906
2011-12-13,1.0690766485161576
2011-12-14,1.0685297060588648
2011-12-15,1.0653277737205478
2011-12-16,1.0680270804154004
2011-12-19,1.068158697343831
2011-12-20,1.0683416118683835
2011-12-21,1.0678340274163125
2011-12-22,1.0677038969232613
2011-12-23,1.0682437927101172
2011-12-26,1.068173221477107
2011-12-27,1.0675040727027667
2011-12-28,1.0674790565520915
2011-12-29,1.0670684355836284
2011-12-30,1.0691321832032759
2012-01-04,1.0695226638296196
2012-01-05,1.0702625532266712
2012-01-06,1.0727750066874044
2012-01-09,1.076533430626749
2012-01-10,1.0808007398996227
2012-01-11,1.081673810388543
2012-01-12,1.0831333007954402
2012-01-13,1.082051742689294
2012-01-16,1.0805262760357957
2012-01-17,1.0850848590309772
2012-01-18,1.0839094771524334
2012-01-19,1.0866680051905948
2012-01-20,1.0882281127953468
2012-01-30,1.08992935004691
2012-01-31,1.0911234848596876
2012-02-01,1.088752962591696
2012-02-02,1.09087369842233
2012-02-03,1.0918186487639285
2012-02-06,1.0905307371025983
2012-02-07,1.088872739335353
2012-02-08,1.0905868951794242
2012-02-09,1.0892783360979181
2012-02-10,1.0896018502835492
2012-02-13,1.0902637711116339
2012-02-14,1.0897655010555338
2012-02-15,1.0902867323834418
2012-02-16,1.089294716575583
2012-02-17,1.0889210671898015
2012-02-20,1.090869013466098
2012-02-21,1.0916707941990977
2012-02-22,1.092976848442787
2012-02-23,1.0938265303778465
2012-02-24,1.0954345775045653
2012-02-27,1.09529377969562
2012-02-28,1.095514893046561
2012-02-29,1.0946297459315446
2012-03-01,1.092844932293956
2012-03-02,1.0940194430270467
2012-03-05,1.093342642662624
2012-03-06,1.092110048531509
2012-03-07,1.0913068469658256
2012-03-08,1.0930193199944043
2012-03-09,1.0943513948682435
2012-03-12,1.0945266865181127
2012-03-13,1.0954251882369228
2012-03-14,1.0926540755002156
2012-03-15,1.0913797773405953
2012-03-16,1.0931274080338227
2012-03-19,1.0931117016302034
2012-03-20,1.091435597970568
2012-03-21,1.0912955296609161
2012-03-22,1.0911098641538233
2012-03-23,1.0907658473361856
2012-03-26,1.091491777177524
2012-03-27,1.0919308632842384
2012-03-28,1.090133294417692
2012-03-29,1.0891837573674705
2012-03-30,1.0899567294958656
2012-04-05,1.0911810142132097
2012-04-06,1.0917418349887866
2012-04-09,1.0910327239402617
2012-04-10,1.0921580789651695
2012-04-11,1.0926274437860068
2012-04-12,1.0943109206807944
2012-04-13,1.0948586482028972
2012-04-16,1.0942493359187644
2012-04-17,1.0935018089371382
2012-04-18,1.095639826448892
2012-04-19,1.0955263848473746
2012-04-20,1.0970157988746736
2012-04-23,1.0966591202948799
2012-04-24,1.0973121548787834
2012-04-25,1.0980690263993125
2012-04-26,1.0986322850858938
2012-04-27,1.0988211701991053
2012-05-02,1.1012038297823608
2012-05-03,1.1012974576707513
2012-05-04,1.1018785426342388
2012-05-07,1.1022483516600632
2012-05-08,1.1019805368644413
2012-05-09,1.0998252706718217
2012-05-10,1.100560811706075
2012-05-11,1.1009650875851886
2012-05-14,1.1033039797294468
2012-05-15,1.1059187511954345
2012-05-16,1.105802728880869
2012-05-17,1.106660852337029
2012-05-18,1.1075911114792996
2012-05-21,1.1087117229766323
2012-05-22,1.1098754287416943
2012-05-23,1.1092396137017952
2012-05-24,1.1104902859720465
2012-05-25,1.1126161880702754
2012-05-28,1.114285818464652
2012-05-29,1.1149371140685747
2012-05-30,1.1139010060126404
2012-05-31,1.114546028570437
2012-06-01,1.1148730490286727
2012-06-04,1.114763114709454
2012-06-05,1.114724295803694
2012-06-06,1.1152440915203123
2012-06-07,1.1147717624169957
2012-06-08,1.1166019116245312
2012-06-11,1.1179430975236195
2012-06-12,1.1170790310948053
2012-06-13,1.1183850772007904
2012-06-14,1.1177039657299805
2012-06-15,1.1184370472040006
2012-06-18,1.1178119535156448
2012-06-19,1.117045543250414
2012-06-20,1.1163747487915177
2012-06-21,1.1151016492902923
2012-06-25,1.113825278151232
2012-06-26,1.1143344248737055
2012-06-27,1.1146818355075319
2012-06-28,1.1144618237489534
2012-06-29,1.1158323075878145
2012-07-02,1.1164092018422827
2012-07-03,1.1172807567670338
2012-07-04,1.117663016111706
2012-07-05,1.117220734486272
2012-07-06,1.1197771135255785
2012-07-09,1.11849002951071
2012-07-10,1.1186472421108724
2012-07-11,1.1194790541523296
2012-07-12,1.120160980202836
2012-07-13,1.1204248878305827
2012-07-16,1.1192499234499205
2012-07-17,1.1196128708653197
2012-07-18,1.1191825316452348
2012-07-19,1.119722309508948
2012-07-20,1.1191917877534645
2012-07-23,1.117989139450217
2012-07-24,1.1183000227730218
2012-07-25,1.1179810861984347
2012-07-26,1.11778766319329
2012-07-27,1.1183395896458541
2012-07-30,1.1180422439967475
2012-07-31,1.117603146136697
2012-08-01,1.1180100484619966
2012-08-02,1.1169628066907622
2012-08-03,1.1169616616671667
2012-08-06,1.1178426337398049
2012-08-07,1.1171651664897981
2012-08-08,1.1163123048923886
2012-08-09,1.1176375041096551
2012-08-10,1.116825300199921
2012-08-13,1.1156568677068117
2012-08-14,1.1153479035583185
2012-08-15,1.1134948959428708
2012-08-16,1.1131014341830583
2012-08-17,1.1133118521016963
2012-08-20,1.1121765390947542
2012-08-21,1.1120603545924008
2012-08-22,1.1107711970564698
2012-08-23,1.111786848407562
2012-08-24,1.1117201493352455
2012-08-27,1.1102625014458662
2012-08-28,1.1101858146162402
2012-08-29,1.1091932074515667
2012-08-30,1.1090797527452132
2012-08-31,1.108843833246855
2012-09-03,1.1107903000412818
2012-09-04,1.110627124624137
2012-09-05,1.11022963782208
2012-09-06,1.1112410867397597
2012-09-07,1.114085698810672
2012-09-10,1.1143259808463253
2012-09-11,1.113244597437855
2012-09-12,1.1126366720964933
2012-09-13,1.111777110836971
2012-09-14,1.1116091239769348
2012-09-17,1.1090972325452555
2012-09-18,1.1084744806804174
2012-09-19,1.1092042786839291
2012-09-20,1.1073242135216415
2012-09-21,1.1082886581415505
2012-09-24,1.108923540307594
2012-09-25,1.1098939239519598
2012-09-26,1.1097448202199587
2012-09-27,1.1124284707935002
2012-09-28,1.114547808821292
2012-10-08,1.1139865036477117
2012-10-09,1.1156498944309998
2012-10-10,1.115666952339757
2012-10-11,1.1156948148224195
2012-10-12,1.1167436683799914
2012-10-15,1.116756817673643
2012-10-16,1.1166490553570696
2012-10-17,1.116820456518812
2012-10-18,1.117955673595203
2012-10-19,1.1172463683240463
2012-10-22,1.1176645466809958
2012-10-23,1.1163597858521872
2012-10-24,1.1159002898511803
2012-10-25,1.1150417654566611
2012-10-26,1.1129666709727422
2012-10-29,1.1128285604039339
2012-10-30,1.1133619537729662
2012-10-31,1.1138782961026503
2012-11-01,1.1152614114566852
2012-11-02,1.1155451986539444
2012-11-05,1.11504861312584
2012-11-06,1.1151819881362355
2012-11-07,1.1162495527355243
2012-11-08,1.1147667409043982
2012-11-09,1.1152568668907492
2012-11-12,1.1161208382875618
2012-11-13,1.1148863007400591
2012-11-14,1.115634448687416
2012-11-15,1.114793974367152
2012-11-16,1.1144954781142922
2012-11-19,1.1154318378964634
2012-11-20,1.1152399007630156
2012-11-21,1.115986572739638
2012-11-22,1.1153612864955613
2012-11-23,1.1158972466281318
2012-11-26,1.1160183387284135
2012-11-27,1.1152150045783156
2012-11-28,1.1142083766972426
2012-11-29,1.1134976012502777
2012-11-30,1.1144539224833638
2012-12-03,1.113481006222894
2012-12-04,1.1138073259381567
2012-12-05,1.1165729230818378
2012-12-06,1.116161760839004
2012-12-07,1.1181456519068322
2012-12-10,1.11941668769517
2012-12-11,1.1191722014813983
2012-12-12,1.119837395532156
2012-12-13,1.1185144019999536
2012-12-14,1.1231991414469253
2012-12-17,1.1237194409554356
2012-12-18,1.1243441735695356
2012-12-19,1.1236640509747964
2012-12-20,1.1238514534697557
2012-12-21,1.1225548150189002
2012-12-24,1.1237267592789588
2012-12-25,1.1265430723722911
2012-12-26,1.126884589861565
2012-12-27,1.1266728308228622
2012-12-28,1.128516166098332
2012-12-31,1.131043646090741
2013-01-04,1.1305996390662405
2013-01-07,1.1323889276218735
2013-01-08,1.1320386634056252
2013-01-09,1.1330242890954034
2013-01-10,1.132948973374278
2013-01-11,1.1318929653437628
2013-01-14,1.1346525762548834
2013-01-15,1.135417344419264
2013-01-16,1.1350129519164682
2013-01-17,1.1346778516880398
2013-01-18,1.1367599881359198
2013-01-21,1.137867733940339
2013-01-22,1.137988049796504
2013-01-23,1.1388106391543906
2013-01-24,1.1380228698890456
2013-01-25,1.1377832231573357
2013-01-28,1.139785793367072
2013-01-29,1.1405660907825388
2013-01-30,1.1411152567981813
2013-01-31,1.1414741022778387
2013-02-01,1.1431777023139915
2013-02-04,1.1439953910284646
2013-02-05,1.1447780999308685
2013-02-06,1.1452594593050784
2013-02-07,1.144832784646651
2013-02-08,1.1451752089323466
2013-02-18,1.1450246162645699
2013-02-19,1.144251593724613
2013-02-20,1.1451099624629117
2013-02-21,1.1425735004580597
2013-02-22,1.1430647616515466
2013-02-25,1.1435677499988885
2013-02-26,1.1423136983697166
2013-02-27,1.143485784833157
2013-02-28,1.1450348486314619
2013-03-01,1.1446425344653957
2013-03-04,1.1420927203100217
2013-03-05,1.1445100971409907
2013-03-06,1.1450576257016625
2013-03-07,1.1441899953523273
2013-03-08,1.1440195567074758
2013-03-11,1.14390325903842
2013-03-12,1.14308741365609
2013-03-13,1.1426785352480728
2013-03-14,1.1424014858545177
2013-03-15,1.14263185430531
2013-03-18,1.1421216814136408
2013-03-19,1.1427320075858398
2013-03-20,1.1452613233054352
2013-03-21,1.145152239986093
2013-03-22,1.1453632815384316
2013-03-25,1.1455928779996039
2013-03-26,1.144385178330863
2013-03-27,1.1446078452877784
2013-03-28,1.1433112784659267
2013-03-29,1.143617300335089
2013-04-01,1.144289070879134
2013-04-02,1.145438876699922
2013-04-03,1.1455300047659531
2013-04-08,1.1469167156270814
2013-04-09,1.1479783879328371
2013-04-10,1.1487156625592627
2013-04-11,1.147747483174475
2013-04-12,1.1477947352884628
2013-04-15,1.1454791540475786
2013-04-16,1.1451311261476453
2013-04-17,1.145102846630414
2013-04-18,1.1443450873229173
2013-04-19,1.1463554984175863
2013-04-22,1.1451127773650605
2013-04-23,1.1431588338595708
2013-04-24,1.1453761459981622
2013-04-25,1.1457091521972569
2013-04-26,1.1464144630594704
2013-05-02,1.147738778429774
2013-05-03,1.1494501731228057
2013-05-06,1.150619109985131
2013-05-07,1.1505461639688799
2013-05-08,1.1505432943739973
2013-05-09,1.150872223323021
2013-05-10,1.151701902882975
2013-05-13,1.1516623093796183
2013-05-14,1.1508699829028741
2013-05-15,1.1504689868240883
2013-05-16,1.150887274206114
2013-05-17,1.1515382081535372
2013-05-20,1.151947338551171
2013-05-21,1.1528869915296962
2013-05-22,1.153171186484778
2013-05-23,1.152310748131143
2013-05-24,1.153046073242982
2013-05-27,1.153939921071163
2013-05-28,1.155146363836181
2013-05-29,1.154704863605857
2013-05-30,1.155124051822529
2013-05-31,1.1546999012895378
2013-06-03,1.1542734210612149
2013-06-04,1.1536982063947183
2013-06-05,1.153233384087471
2013-06-06,1.151941510836137
2013-06-07,1.151098505508567
2013-06-13,1.1495905007440033
2013-06-14,1.1490633060502484
2013-06-17,1.1483926260908597
2013-06-18,1.1480191053666837
2013-06-19,1.1451585523210441
2013-06-20,1.136365140914677
2013-06-21,1.136304927845516
2013-06-24,1.1326450940327815
2013-06-25,1.1328692165254022
2013-06-26,1.1351217476164992
2013-06-27,1.136461423275154
2013-06-28,1.13787969314964
2013-07-01,1.1400397218840768
2013-07-02,1.1411184565655568
2013-07-03,1.1407449183321465
2013-07-04,1.142597007819971
2013-07-05,1.1428677654291939
2013-07-08,1.1413699691849715
2013-07-09,1.1415603379667119
2013-07-10,1.1416863205368375
2013-07-11,1.1447460850447977
2013-07-12,1.1421696403055681
2013-07-15,1.1431231717539172
2013-07-16,1.142819332918776
2013-07-17,1.141068863837504
2013-07-18,1.139057158820939
2013-07-19,1.137497512843744
2013-07-22,1.1370877722230464
2013-07-23,1.1371037141188176
2013-07-24,1.1352607546346802
2013-07-25,1.1358424761160195
2013-07-26,1.1364763528169937
2013-07-29,1.1348341846153047
2013-07-30,1.1356332587653806
2013-07-31,1.1364330398942664
2013-08-01,1.1385129916983614
2013-08-02,1.1385332311287448
2013-08-05,1.1400969251264021
2013-08-06,1.1395209048609145
2013-08-07,1.1379179566135993
2013-08-08,1.13635673346451
2013-08-09,1.1363921152564636
2013-08-12,1.1383090738056092
2013-08-13,1.1362992971917636
2013-08-14,1.1339050611884587
2013-08-15,1.132532791778318
2013-08-16,1.1329963595700843
2013-08-19,1.1328994783158794
2013-08-20,1.1303043540441502
2013-08-21,1.1309602039561526
2013-08-22,1.1309909990326685
2013-08-23,1.1319780132504456
2013-08-26,1.1347461327842383
2013-08-27,1.1350253313744296
2013-08-28,1.1345084961146754
2013-08-29,1.1339488799106812
2013-08-30,1.1337973652634978
2013-09-02,1.1340071790581157
2013-09-03,1.1347668646458673
2013-09-04,1.1345153582619933
2013-09-05,1.1339396234583907
2013-09-06,1.1344894862871677
2013-09-09,1.1373183684882233
2013-09-10,1.1375223288556935
2013-09-11,1.1364793638179642
2013-09-12,1.1366074096936543
2013-09-13,1.1344819281889134
2013-09-16,1.1339867477467738
2013-09-17,1.132750124377789
2013-09-18,1.1324036520239626
2013-09-23,1.1353580876919862
2013-09-24,1.1338526387282875
2013-09-25,1.1338702279310156
2013-09-26,1.1340860921042728
2013-09-27,1.1342239400018252
2013-09-30,1.1351358827351776
2013-10-08,1.1367531278290248
2013-10-09,1.1365808259068888
2013-10-10,1.1357733270944923
2013-10-11,1.1365701427247425
2013-10-14,1.1359279995946898
2013-10-15,1.1351698083704342
2013-10-16,1.1339712936437678
2013-10-17,1.1335795684531738
2013-10-18,1.1346026430569693
2013-10-21,1.1356292305857714
2013-10-22,1.134421575035279
2013-10-23,1.133980767533715
2013-10-24,1.131838837140332
2013-10-25,1.1303033527039863
2013-10-28,1.1304558676832859
2013-10-29,1.130195487027264
2013-10-30,1.1302089648891718
2013-10-31,1.129698867644454
2013-11-01,1.1308684519844947
2013-11-04,1.1305207275568165
2013-11-05,1.1298650692512906
2013-11-06,1.1281569154255702
2013-11-07,1.126592459433413
2013-11-08,1.124657105558344
2013-11-11,1.1210364860753241
2013-11-12,1.1211051872514302
2013-11-13,1.117745571685024
2013-11-14,1.1167652336194662
2013-11-15,1.1148305781321537
2013-11-18,1.1154964468381054
2013-11-19,1.1131757394254782
2013-11-20,1.111656964897611
2013-11-21,1.1107550010019471
2013-11-22,1.1115946063108464
2013-11-25,1.1113644974102292
2013-11-26,1.11191698328176
2013-11-27,1.1133485298420038
2013-11-28,1.1154639215679063
2013-11-29,1.1179444600699286
2013-12-02,1.116762439595576
2013-12-03,1.1173722597926221
2013-12-04,1.118347035288904
2013-12-05,1.1175246733111217
2013-12-06,1.1166600702399294
2013-12-09,1.116157245066784
2013-12-10,1.1148107799344786
2013-12-11,1.1137368674268537
2013-12-12,1.1143081565540256
2013-12-13,1.1150744843094962
2013-12-16,1.1144026070979962
2013-12-17,1.1144049879643823
2013-12-18,1.1133735696562952
2013-12-19,1.1113998195220647
2013-12-20,1.1090026857412076
2013-12-23,1.10955954255875
2013-12-24,1.1101868024428425
2013-12-25,1.1108284935547243
2013-12-26,1.1103926285338894
2013-12-27,1.1116312280697336
2013-12-30,1.1116954848857739
2013-12-31,1.1120928944511914
2014-01-02,1.1121913664823087
2014-01-03,1.1109106683550278
2014-01-06,1.1097929025725524
2014-01-07,1.1100855139311316
2014-01-08,1.110639141731266
2014-01-09,1.1106893169450374
2014-01-10,1.1109006796930188
2014-01-13,1.1118026183740115
2014-01-14,1.1121135749894095
2014-01-15,1.1122811506230703
2014-01-16,1.1127252902750255
2014-01-17,1.112180932777454
2014-01-20,1.1121942684287407
2014-01-21,1.1144574624828345
2014-01-22,1.1172265549188378
2014-01-23,1.1175892180973637
2014-01-24,1.1185033982090504
2014-01-27,1.1195242484085453
2014-01-28,1.1194286581770627
2014-01-29,1.11977991825601
2014-01-30,1.1194269588525798
2014-02-07,1.1218462106839089
2014-02-10,1.1244227199125318
2014-02-11,1.1256817214344366
2014-02-12,1.1262642983507658
2014-02-13,1.1270968117067368
2014-02-14,1.1292395826573134
2014-02-17,1.1304603828450046
2014-02-18,1.1291970817573986
2014-02-19,1.130396834216144
2014-02-20,1.130469641739488
2014-02-21,1.131260092535171
2014-02-24,1.131915848939612
2014-02-25,1.13385539778321
2014-02-26,1.1354930240565564
2014-02-27,1.1377120251904063
2014-02-28,1.1385989474963938
2014-03-03,1.1393388307290784
2014-03-04,1.1375505212861823
2014-03-05,1.1354942671106196
2014-03-06,1.1354298131716758
2014-03-07,1.1355822977252146
2014-03-10,1.1338949724559781
2014-03-11,1.1345967420036733
2014-03-12,1.1356190291255923
2014-03-13,1.1370402536711472
2014-03-14,1.1370008006444174
2014-03-17,1.1386591486451616
2014-03-18,1.1372525699195692
2014-03-19,1.135941363517447
2014-03-20,1.1344310823902277
2014-03-21,1.1372209671707516
2014-03-24,1.137705929317081
2014-03-25,1.1369790805675455
2014-03-26,1.1371644774417753
2014-03-27,1.1364834754108735
2014-03-28,1.1362933194812717
2014-03-31,1.1364752396217166
2014-04-01,1.1367712316635128
2014-04-02,1.1374220023131538
2014-04-03,1.136612253910346
2014-04-04,1.137501301724514
2014-04-08,1.141065846940609
2014-04-09,1.140497135706739
2014-04-10,1.1428310548034257
2014-04-11,1.143290938964309
2014-04-14,1.1447503797997705
2014-04-15,1.143507209550085
2014-04-16,1.14450714571064
2014-04-17,1.1471227872461152
2014-04-18,1.1473123997133887
2014-04-21,1.146324960993553
2014-04-22,1.147455974380794
2014-04-23,1.146941490319987
2014-04-24,1.1469942050322453
2014-04-25,1.1470713662957908
2014-04-28,1.1468937603421132
2014-04-29,1.1477106445922256
2014-04-30,1.1487052114119733
2014-05-05,1.150220652427358
2014-05-06,1.1514353368238939
2014-05-07,1.151731731175862
2014-05-08,1.1535264868184987
2014-05-09,1.1570567727519907
2014-05-12,1.1595011585273314
2014-05-13,1.159480043131094
2014-05-14,1.1588894697802452
2014-05-15,1.1580183009182805
2014-05-16,1.1578748560515855
2014-05-19,1.1574734978997658
2014-05-20,1.15723814105172
2014-05-21,1.1579605723705866
2014-05-22,1.1581957134588006
2014-05-23,1.1597777211671014
2014-05-26,1.1605541483962987
2014-05-27,1.1604938235543591
2014-05-28,1.1613248057035774
2014-05-29,1.161347063551284
2014-05-30,1.1626585663181426
2014-06-03,1.1648734371844705
2014-06-04,1.1651550648772093
2014-06-05,1.1660709353588632
2014-06-06,1.1655513338875787
2014-06-09,1.165737780017266
2014-06-10,1.1673826885795122
2014-06-11,1.1676855434164977
2014-06-12,1.1676548867701888
2014-06-13,1.1686686946830083
2014-06-16,1.170734645715691
2014-06-17,1.1694306949773903
2014-06-18,1.1691580544399898
2014-06-19,1.1684049311953473
2014-06-20,1.170582398791006
2014-06-23,1.1711859871104773
2014-06-24,1.1721097445861153
2014-06-25,1.1716272164835668
2014-06-26,1.1724561718164006
2014-06-27,1.1727345185097457
2014-06-30,1.1730997688879552
2014-07-01,1.1725207430896096
2014-07-02,1.1718345849531402
2014-07-03,1.1715711846790438
2014-07-04,1.1708715611807239
2014-07-07,1.1716761005410297
2014-07-08,1.1720713216148657
2014-07-09,1.1711247881751803
2014-07-10,1.1714011792645427
2014-07-11,1.172714733135482
2014-07-14,1.1732352957283987
2014-07-15,1.1728034995764531
2014-07-16,1.1709263828665517
2014-07-17,1.1692429865025644
2014-07-18,1.1689863991262157
2014-07-21,1.1698926206119187
2014-07-22,1.1712336410318347
2014-07-23,1.171683805886935
2014-07-24,1.1731000651755608
2014-07-25,1.1744697162168312
2014-07-28,1.178286409701965
2014-07-29,1.178620601812568
2014-07-30,1.1782171011822926
2014-07-31,1.1800949504619842
2014-08-01,1.1789902375897148
2014-08-04,1.1820010850091072
2014-08-05,1.181567571556
2014-08-06,1.1813757609591713
2014-08-07,1.180692296368507
2014-08-08,1.1815519848777236
2014-08-11,1.1829672596378118
2014-08-12,1.1827603911408713
2014-08-13,1.1831727979692777
2014-08-14,1.1838143057474895
2014-08-15,1.1851271608070628
2014-08-18,1.1850880019704275
2014-08-19,1.1848408779299564
2014-08-20,1.1841148065785077
2014-08-21,1.1831049978540407
2014-08-22,1.1836751389584588
2014-08-25,1.1833923223845553
2014-08-26,1.1835733137333544
2014-08-27,1.1841573928634619
2014-08-28,1.184172466124613
2014-08-29,1.1851007160167641
2014-09-01,1.1859388985486887
2014-09-02,1.1866536873301146
2014-09-03,1.1870123183345545
2014-09-04,1.1875432280549818
2014-09-05,1.188476772076864
2014-09-09,1.188396396668855
2014-09-10,1.1878123279952564
2014-09-11,1.1873212736599805
2014-09-12,1.1877854873019973
2014-09-15,1.1885144591225527
2014-09-16,1.1869945023792667
2014-09-17,1.1888623302752375
2014-09-18,1.1901789109657617
2014-09-19,1.1933219560960728
2014-09-22,1.191668247288152
2014-09-23,1.193335393745103
2014-09-24,1.194569593179483
2014-09-25,1.194370790286372
2014-09-26,1.195094106347609
2014-09-29,1.1961071748370269
2014-09-30,1.1965339033389333
2014-10-08,1.198192677725857
2014-10-09,1.1984353061473154
2014-10-10,1.1978448943994544
2014-10-13,1.1986841279296576
2014-10-14,1.200810297037558
2014-10-15,1.2034928051283282
2014-10-16,1.2047680465712636
2014-10-17,1.2060633899595101
2014-10-20,1.2096939044378654
2014-10-21,1.2112600099238544
2014-10-22,1.209962205534343
2014-10-23,1.209547856936999
2014-10-24,1.209656114618855
2014-10-27,1.2094172669049001
2014-10-28,1.2123978794505863
2014-10-29,1.2153394151433201
2014-10-30,1.2147882506565353
2014-10-31,1.2155024095269267
2014-11-03,1.2179139094482194
2014-11-04,1.2202064485034914
2014-11-05,1.2207781497437649
2014-11-06,1.221371653507035
2014-11-07,1.2233596926012955
2014-11-10,1.2301255201216699
2014-11-11,1.2311587798308008
2014-11-12,1.232286955429747
2014-11-13,1.2305240493791854
2014-11-14,1.2285097831042724
2014-11-17,1.2293803631337359
2014-11-18,1.2282689900655206
2014-11-19,1.227600619841822
2014-11-20,1.225578683462831
2014-11-21,1.2267833820338963
2014-11-24,1.236212700749259
2014-11-25,1.236678293851502
2014-11-26,1.2385981332455036
2014-11-27,1.239782865488397
2014-11-28,1.242356888455051
2014-12-01,1.2412114810208024
2014-12-02,1.2472602691422057
2014-12-03,1.244618076811681
2014-12-04,1.247138834990373
2014-12-05,1.2449204336654882
2014-12-08,1.2473668704031664
2014-12-09,1.237817941374369
2014-12-10,1.2437212492845917
2014-12-11,1.2414944994867059
2014-12-12,1.2413952721908268
2014-12-15,1.2419779659902357
2014-12-16,1.2443207511136418
2014-12-17,1.2473442435677888
2014-12-18,1.2468545613226252
2014-12-19,1.2493404537494235
2014-12-22,1.2511861344189585
2014-12-23,1.2494835317752992
2014-12-24,1.2472457607425433
2014-12-25,1.2517826278054853
2014-12-26,1.25739189399105
2014-12-29,1.2593197089836121
2014-12-30,1.259895600887247
2014-12-31,1.2637306237288959
2015-01-05,1.2678676960432362
2015-01-06,1.2687686550732789
2015-01-07,1.269713879347961
2015-01-08,1.2675191347770822
2015-01-09,1.2680493182006698
2015-01-12,1.268645988694747
2015-01-13,1.2706764553514223
2015-01-14,1.2729463622270465
2015-01-15,1.275800997410759
2015-01-16,1.2804788829076093
2015-01-19,1.274501197903724
2015-01-20,1.275470312986699
2015-01-21,1.282005379971804
2015-01-22,1.2821009263670093
2015-01-23,1.283651390023589
2015-01-26,1.285492487895608
2015-01-27,1.2837155590738827
2015-01-28,1.2818452290361864
2015-01-29,1.2793582970217279
2015-01-30,1.276575244319857
2015-02-02,1.2762636870977397
2015-02-03,1.2793577392654905
2015-02-04,1.2771176723977218
2015-02-05,1.2779344032542688
2015-02-06,1.276298888484704
2015-02-09,1.2771059230656014
2015-02-10,1.279367994781297
2015-02-11,1.2810382937247775
2015-02-12,1.281272548642093
2015-02-13,1.2834327386350262
2015-02-16,1.2858431981785925
2015-02-17,1.2865157236979787
2015-02-25,1.2857515745236308
2015-02-26,1.2884931908370219
2015-02-27,1.2883152811349274
2015-03-02,1.2894158622637693
2015-03-03,1.2848647737595909
2015-03-04,1.2849136805296422
2015-03-05,1.2820495585789997
2015-03-06,1.2807450627388657
2015-03-09,1.2807135380664323
2015-03-10,1.2788593116043694
2015-03-11,1.2812251967237644
2015-03-12,1.284524316731695
2015-03-13,1.2838825618132528
2015-03-16,1.2856271677952529
2015-03-17,1.2859658573808848
2015-03-18,1.2874166130613587
2015-03-19,1.2878441648737586
2015-03-20,1.2901342308092931
2015-03-23,1.2931927740537656
2015-03-24,1.29210638233352
2015-03-25,1.290495710238013
2015-03-26,1.2900743329347584
2015-03-27,1.2891290002621545
2015-03-30,1.2910861625521686
2015-03-31,1.2868028866523538
2015-04-01,1.290639590528838
2015-04-02,1.2934544829340648
2015-04-03,1.2938960638192203
2015-04-07,1.296835670912152
2015-04-08,1.2963859732582268
2015-04-09,1.29499803534418
2015-04-10,1.2975191581640348
2015-04-13,1.301127957232033
2015-04-14,1.3021928824428086
2015-04-15,1.3034061878727776
2015-04-16,1.3085232855816191
2015-04-17,1.310459684148273
2015-04-20,1.314306075509846
2015-04-21,1.3171220861326431
2015-04-22,1.3200413808852767
2015-04-23,1.3183144260781683
2015-04-24,1.3164832487655107
2015-04-27,1.3191978069885228
2015-04-28,1.3200967340424052
2015-04-29,1.3211476637992199
2015-04-30,1.3210337386936646
2015-05-04,1.321420529315205
2015-05-05,1.3178333398463475
2015-05-06,1.316798562446912
2015-05-07,1.3155756446757558
2015-05-08,1.3187784517844356
2015-05-11,1.321705503106594
2015-05-12,1.323490452300756
2015-05-13,1.3247583100203324
2015-05-14,1.3283942131089495
2015-05-15,1.3279705717504562
2015-05-18,1.3280966410838007
2015-05-19,1.3300300908719462
2015-05-20,1.3296277030964165
2015-05-21,1.3313089581546445
2015-05-22,1.334285872097564
2015-05-25,1.3373364767105864
2015-05-26,1.3377763828207458
2015-05-27,1.3362337547899679
2015-05-28,1.3280705189443007
2015-05-29,1.327092751167942
2015-06-01,1.3302628709976767
2015-06-02,1.332426709509955
2015-06-03,1.3326645262006909
2015-06-04,1.3340721714075623
2015-06-05,1.3346628283030535
2015-06-08,1.3385113509992066
2015-06-09,1.33813109967994
2015-06-10,1.3376321153708692
2015-06-11,1.3365880719660108
2015-06-12,1.3368646082127698
2015-06-15,1.3338998360310177
2015-06-16,1.3322388315548384
2015-06-17,1.3329517641459254
2015-06-18,1.330511589577512
2015-06-19,1.3263902110157053
2015-06-23,1.3284669582169637
2015-06-24,1.3290664340654679
2015-06-25,1.3262352064499632
2015-06-26,1.3197850724004514
2015-06-29,1.318422082790668
2015-06-30,1.3236133651651232
2015-07-01,1.3193998951838208
2015-07-02,1.3172128235228129
2015-07-03,1.3148565354783146
2015-07-06,1.3213379762437327
2015-07-07,1.3247007107364364
2015-07-08,1.3188864415916783
2015-07-09,1.3240707868855124
2015-07-10,1.3268569092225808
2015-07-13,1.3270778820882292
2015-07-14,1.3244374085327673
2015-07-15,1.3232860515726776
2015-07-16,1.3232749113840825
2015-07-17,1.3259400643942971
2015-07-20,1.3244142542441195
2015-07-21,1.3236569424400673
2015-07-22,1.322841502166765
2015-07-23,1.3256204695853486
2015-07-24,1.3247340991509922
2015-07-27,1.3198270822782445
2015-07-28,1.3198418531953864
2015-07-29,1.322470771421419
2015-07-30,1.3198399657485977
2015-07-31,1.318870557130634
2015-08-03,1.3203074010361426
2015-08-04,1.3220098704112537
2015-08-05,1.3204685642583713
2015-08-06,1.320602101795677
2015-08-07,1.323304106005709
2015-08-10,1.3277363169363203
2015-08-11,1.32728654871877
2015-08-12,1.3284823326206072
2015-08-13,1.3292651626039298
2015-08-14,1.3293656987507083
2015-08-17,1.3294297652495082
2015-08-18,1.3250911161157906
2015-08-19,1.3263724231526908
2015-08-20,1.325181405010721
2015-08-21,1.3240371563311977
2015-08-24,1.3193537121857795
2015-08-25,1.3150066053646288
2015-08-26,1.3148413593435548
2015-08-27,1.3189413975137907
2015-08-28,1.3218867344648955
2015-08-31,1.3247151226394063
2015-09-01,1.325785937672831
2015-09-02,1.3264032107240318
2015-09-07,1.3217592528955298
2015-09-08,1.323444246044938
2015-09-09,1.3249335667496045
2015-09-10,1.323263178878099
2015-09-11,1.3233792492138126
2015-09-14,1.3235297450376438
2015-09-15,1.3217844581947686
2015-09-16,1.3249000091072787
2015-09-17,1.3245324178814988
2015-09-18,1.3256461362733618
2015-09-21,1.3272256109933036
2015-09-22,1.3274947983324585
2015-09-23,1.3253383285959088
2015-09-24,1.3264503048471505
2015-09-25,1.3265347906830753
2015-09-28,1.3268453215847655
2015-09-29,1.32513671728849
2015-09-30,1.3262443224853964
2015-10-08,1.3308308574892376
2015-10-09,1.3332821574164735
2015-10-12,1.3362864653610473
2015-10-13,1.3368928058169178
2015-10-14,1.340047605547051
2015-10-15,1.3416855788510724
2015-10-16,1.3413808104934952
2015-10-19,1.3418976995384582
2015-10-20,1.344359699225969
2015-10-21,1.3440855855943532
2015-10-22,1.3443445505875071
2015-10-23,1.3458833667334744
2015-10-26,1.3476816434634837
2015-10-27,1.3494522771375574
2015-10-28,1.3498730281641345
2015-10-29,1.3488264480277183
2015-10-30,1.3474939613066501
2015-11-02,1.3468823142947013
2015-11-03,1.345611550296958
2015-11-04,1.3459117669244651
2015-11-05,1.346764197479457
2015-11-06,1.3485577539094944
2015-11-09,1.3446720981678257
2015-11-10,1.3435936187703812
2015-11-11,1.3445088062091726
2015-11-12,1.3434946240967065
2015-11-13,1.343328675089271
2015-11-16,1.3442667653850053
2015-11-17,1.3434733449893759
2015-11-18,1.3422274436068562
2015-11-19,1.3428484053634184
2015-11-20,1.3438111809493838
2015-11-23,1.3430730195741227
2015-11-24,1.3440520657452335
2015-11-25,1.3457089212052618
2015-11-26,1.3457275253399126
2015-11-27,1.3426275305670043
2015-11-30,1.3430337943122168
2015-12-01,1.3449542217194732
2015-12-02,1.34740546801545
2015-12-03,1.347995889046054
2015-12-04,1.3486848877388435
2015-12-07,1.3514362586974882
2015-12-08,1.3516612596984066
2015-12-09,1.3518652208757722
2015-12-10,1.3516655609156099
2015-12-11,1.3519266553006868
2015-12-14,1.3536714570991886
2015-12-15,1.3525588769936037
2015-12-16,1.3533671300186914
2015-12-17,1.3554000221118165
2015-12-18,1.3561591780454882
2015-12-21,1.3612870796369545
2015-12-22,1.363341579653809
2015-12-23,1.3636257879133202
2015-12-24,1.3646284264776878
2015-12-25,1.3653497199744644
2015-12-28,1.3643027413061546
2015-12-29,1.365028603788611
2015-12-30,1.365293852355968
2015-12-31,1.3643955394851819
2016-01-04,1.3602702682859955
2016-01-05,1.3604452163414373
2016-01-06,1.3619954083233436
2016-01-07,1.361714442386937
2016-01-08,1.3638055857895648
2016-01-11,1.363197586975363
2016-01-12,1.3647701338432607
2016-01-13,1.3656397862949752
2016-01-14,1.3669661993276387
2016-01-15,1.3657014215632453
2016-01-18,1.3659028705987133
2016-01-19,1.3660965652022066
2016-01-20,1.3648284662103018
2016-01-21,1.364213706286824
2016-01-22,1.365186206399127
2016-01-25,1.3638812417578392
2016-01-26,1.3618971302105956
2016-01-27,1.360175425356507
2016-01-28,1.359153114924165
2016-01-29,1.3616685178929078
2016-02-01,1.3622669152682416
2016-02-02,1.3624841572559592
2016-02-03,1.3614104484228353
2016-02-04,1.3640000129704086
2016-02-05,1.3647105111320972
2016-02-15,1.3693398521598592
2016-02-16,1.3699381256939345
2016-02-17,1.371183907600886
2016-02-18,1.3712209294084965
2016-02-19,1.3730317934146514
2016-02-22,1.3738279837517842
2016-02-23,1.3739990364279173
2016-02-24,1.3744294768011194
2016-02-25,1.3722106846840636
2016-02-26,1.3730007203058563
2016-02-29,1.3725143108199986
2016-03-01,1.3745167393724003
2016-03-02,1.3757928596419333
2016-03-03,1.3767249155110726
2016-03-04,1.3790273855889255
2016-03-07,1.3788517030224605
2016-03-08,1.379621229266522
2016-03-09,1.3799632932777093
2016-03-10,1.3794626446150418
2016-03-11,1.380702208949314
2016-03-14,1.381116117473447
2016-03-15,1.3807696611180809
2016-03-16,1.3825840368801714
2016-03-17,1.38458423459078
2016-03-18,1.38497334192622
2016-03-21,1.3858917626257719
2016-03-22,1.386042362832115
2016-03-23,1.3856560874750046
2016-03-24,1.3844022969476757
2016-03-25,1.3853230346859893
2016-03-28,1.384561778028032
2016-03-29,1.3838045878701997
2016-03-30,1.386135139748214
2016-03-31,1.3855914123897084
2016-04-01,1.3863343964530763
2016-04-05,1.3866301486618249
2016-04-06,1.3863576522033927
2016-04-07,1.3852808682386342
2016-04-08,1.385017086023178
2016-04-11,1.386259601344588
2016-04-12,1.3853957780180797
2016-04-13,1.3840305101541257
2016-04-14,1.3821767915915477
2016-04-15,1.3818822037982406
2016-04-18,1.3825826056912436
2016-04-19,1.3828087064913794
2016-04-20,1.3809527353688889
2016-04-21,1.3799567243098785
2016-04-22,1.3771905489540863
2016-04-25,1.3734608475349515
2016-04-26,1.3733831516263482
2016-04-27,1.3749292135109052
2016-04-28,1.376164841065653
2016-04-29,1.3774616547945182
2016-05-03,1.380208256510171
2016-05-04,1.379547586904598
2016-05-05,1.3797813413319728
2016-05-06,1.3791403504482413
2016-05-09,1.3799304694187247
2016-05-10,1.3802453662657104
2016-05-11,1.3810408837023735
2016-05-12,1.3816578572618001
2016-05-13,1.3821378964882063
2016-05-16,1.3826520004927823
2016-05-17,1.38232368177317
2016-05-18,1.3818126754530504
2016-05-19,1.3806040709183673
2016-05-20,1.380559823370725
2016-05-23,1.380849453440164
2016-05-24,1.380515983254455
2016-05-25,1.3798794009385058
2016-05-26,1.3801512738907225
2016-05-27,1.3796959382647824
2016-05-30,1.3795451469008841
2016-05-31,1.3810280283377199
2016-06-01,1.3808737524908508
2016-06-02,1.380614035310601
2016-06-03,1.3808651158784115
2016-06-06,1.3827717464709761
2016-06-07,1.3830189347642476
2016-06-08,1.3835658474517551
2016-06-13,1.3847495607242795
2016-06-14,1.3858801494988409
2016-06-15,1.3871684805223137
2016-06-16,1.3886898886675574
2016-06-17,1.3882747214773552
2016-06-20,1.3886197240197569
2016-06-21,1.3885000757944066
2016-06-22,1.3886753373190626
2016-06-23,1.388799505677489
2016-06-24,1.3917539697592116
2016-06-27,1.394110230825727
2016-06-28,1.3943668112791059
2016-06-29,1.3947343283888427
2016-06-30,1.3951473762073474
2016-07-01,1.3972904652407936
2016-07-04,1.3997393432181893
2016-07-05,1.3997416154881852
2016-07-06,1.4012211083031567
2016-07-07,1.4025877873868136
2016-07-08,1.4025459417128168
2016-07-11,1.4036241028351812
2016-07-12,1.404409660182461
2016-07-13,1.403683085041929
2016-07-14,1.403488897024795
2016-07-15,1.403855911170873
2016-07-18,1.4042035178135384
2016-07-19,1.4047635042286366
2016-07-20,1.40586968524247
2016-07-21,1.407532874086086
2016-07-22,1.4073013781869048
2016-07-25,1.4068373547890305
2016-07-26,1.4078879385556031
2016-07-27,1.4079980760611583
2016-07-28,1.4092990296496481
2016-07-29,1.4095406740602743
2016-08-01,1.4103870744509837
2016-08-02,1.4112751439595987
2016-08-03,1.4120863044550849
2016-08-04,1.411971100626713
2016-08-05,1.413499526985985
2016-08-08,1.4140352619407786
2016-08-09,1.4160598146807535
2016-08-10,1.4170445090619141
2016-08-11,1.4170930900925471
2016-08-12,1.4189288716318644
2016-08-15,1.4217657572298474
2016-08-16,1.4215511597674821
2016-08-17,1.4208497689967976
2016-08-18,1.4209713738078973
2016-08-19,1.4204247571515756
2016-08-22,1.420051487240097
2016-08-23,1.4194494587689253
2016-08-24,1.4184006939117484
2016-08-25,1.4179475104722197
2016-08-26,1.4183770997712808
2016-08-29,1.4183453033646831
2016-08-30,1.4173956672863695
2016-08-31,1.4179733739112657
2016-09-01,1.4173370852595135
2016-09-02,1.417945701408281
2016-09-05,1.4187278021954708
2016-09-06,1.4190424009365707
2016-09-07,1.4195300394770896
2016-09-08,1.4199259120897567
2016-09-09,1.4201530844693369
2016-09-12,1.419259236065023
2016-09-13,1.4194317352103143
2016-09-14,1.419373527305498
2016-09-19,1.42039313526614
2016-09-20,1.4204829957337963
2016-09-21,1.4207338976392054
2016-09-22,1.42208213640801
2016-09-23,1.422946451199545
2016-09-26,1.4231724762254996
2016-09-27,1.4234977729113476
2016-09-28,1.422940888959657
2016-09-29,1.4232161813611763
2016-09-30,1.4237184122033144
2016-10-10,1.4247491561161645
2016-10-11,1.425237397501749
2016-10-12,1.4248906676991921
2016-10-13,1.4254885678139941
2016-10-14,1.4263241009225966
2016-10-17,1.4265735129884216
2016-10-18,1.4280783448613856
2016-10-19,1.4286500297096474
2016-10-20,1.429940668205508
2016-10-21,1.4310393788249816
2016-10-24,1.432392542410863
2016-10-25,1.432146496102698
2016-10-26,1.4307796099303058
2016-10-27,1.4298766628644286
2016-10-28,1.4301049616315042
2016-10-31,1.4299855819838265
2016-11-01,1.4302251753708335
2016-11-02,1.43036684429633
2016-11-03,1.431696647240398
2016-11-04,1.4315907210499572
2016-11-07,1.430990808041315
2016-11-08,1.4304633605966128
2016-11-09,1.4315577646659035
2016-11-10,1.4304962004185127
2016-11-11,1.4292891637315965
2016-11-14,1.426631717930478
2016-11-15,1.4254568136788626
2016-11-16,1.4247985416833395
2016-11-17,1.4234772917167837
2016-11-18,1.4224411617991675
2016-11-21,1.4234178540656066
2016-11-22,1.4242913057628688
2016-11-23,1.4250264267629233
2016-11-24,1.42487604769378
2016-11-25,1.4248234689224162
2016-11-28,1.425777806671726
2016-11-29,1.4240384318143187
2016-11-30,1.420015805237154
2016-12-01,1.4161984320163403
2016-12-02,1.41465386528716
2016-12-05,1.4129243876827609
2016-12-06,1.4081347012611618
2016-12-07,1.409057435555969
2016-12-08,1.4108441215468117
2016-12-09,1.4110811671169645
2016-12-12,1.4076575218218443
2016-12-13,1.4041619660898046
2016-12-14,1.4010968044249454
2016-12-15,1.3912853766553592
2016-12-16,1.390338391323514
2016-12-19,1.3878067965049043
2016-12-20,1.3842888486764684
2016-12-21,1.3869439807499016
2016-12-22,1.390890071136625
2016-12-23,1.3937401847059532
2016-12-26,1.3961067953517114
2016-12-27,1.3969444290429867
2016-12-28,1.397376694096429
2016-12-29,1.4002108563475264
2016-12-30,1.4028713418258134
2017-01-03,1.4033593585356552
2017-01-04,1.4039922156914093
2017-01-05,1.4034383953969627
2017-01-06,1.4033385120716655
2017-01-09,1.4050228313658035
2017-01-10,1.406330837782274
2017-01-11,1.4057574363431342
2017-01-12,1.4060550172419168
2017-01-13,1.4064966001248806
2017-01-16,1.407596399432049
2017-01-17,1.4062529845464724
2017-01-18,1.4052568640277325
2017-01-19,1.4037876309774546
2017-01-20,1.4056080521017822
2017-01-23,1.4070606391464524
2017-01-24,1.40641390023764
2017-01-25,1.4044335126023213
2017-01-26,1.4041301079452062
2017-02-03,1.4025406034729493
2017-02-06,1.400838907737174
2017-02-07,1.398822719701281
2017-02-08,1.3990214358712152
2017-02-09,1.4013267645177687
2017-02-10,1.4011483631627821
2017-02-13,1.4027033889397085
2017-02-14,1.402731324474683
2017-02-15,1.4023148942958106
2017-02-16,1.403720688457795
2017-02-17,1.404526891293408
2017-02-20,1.4071422021950202
2017-02-21,1.4068940876582006
2017-02-22,1.4074452566963078
2017-02-23,1.4079908040215219
2017-02-24,1.4091639602984567
2017-02-27,1.4093601475586313
2017-02-28,1.4094923349914465
2017-03-01,1.4082314766947224
2017-03-02,1.4075693667295468
2017-03-03,1.4067353064782835
2017-03-06,1.4068843246146947
2017-03-07,1.4063052162454024
2017-03-08,1.4051483536753828
2017-03-09,1.4037310391098563
2017-03-10,1.4025818950083908
2017-03-13,1.4040924815484317
2017-03-14,1.4039385022880175
2017-03-15,1.404496723455041
2017-03-16,1.407444792018739
2017-03-17,1.4061662879181476
2017-03-20,1.4064679364625803
2017-03-21,1.4055411659131865
2017-03-22,1.4059052896198554
2017-03-23,1.406394832765057
2017-03-24,1.4086483389143514
2017-03-27,1.410483736179341
2017-03-28,1.4107451081445492
2017-03-29,1.410540639059268
2017-03-30,1.409920046921572
2017-03-31,1.4101345105876075
2017-04-05,1.4126077234263588
2017-04-06,1.4128603061182832
2017-04-07,1.4139939934940549
2017-04-10,1.4134570842352272
2017-04-11,1.414013310221574
2017-04-12,1.4143548264909895
2017-04-13,1.414966160783718
2017-04-14,1.412868647701989
2017-04-17,1.411061473893423
2017-04-18,1.4088760432786418
2017-04-19,1.4075772311868628
2017-04-20,1.4072443560576993
2017-04-21,1.4061796853327655
2017-04-24,1.4032149448020754
2017-04-25,1.4035363418687494
2017-04-26,1.4035421341547119
2017-04-27,1.4046150376032744
2017-04-28,1.4045874204374946
2017-05-02,1.4030766048359489
2017-05-03,1.400910378902384
2017-05-04,1.398636304766055
2017-05-05,1.397767634009347
2017-05-08,1.396071338213787
2017-05-09,1.3942663643310458
2017-05-10,1.391698117427098
2017-05-11,1.3932429825615404
2017-05-12,1.394770294059757
2017-05-15,1.396096960309392
2017-05-16,1.3965971835237851
2017-05-17,1.3950792413780213
2017-05-18,1.3953865190617152
2017-05-19,1.3955398389188727
2017-05-22,1.3962603347986027
2017-05-23,1.398079962731163
2017-05-24,1.397804684966222
2017-05-25,1.4025340597289748
2017-05-26,1.4023493924852257
2017-05-31,1.4044665215492471
2017-06-01,1.4053518481480898
2017-06-02,1.4044050043027032
2017-06-05,1.4049067659346128
2017-06-06,1.4062081718730108
2017-06-07,1.4077460788096259
2017-06-08,1.4088561602056286
2017-06-09,1.4095630384546027
2017-06-12,1.411561011744831
2017-06-13,1.4125454382447606
2017-06-14,1.4120231050138443
2017-06-15,1.4117121218742867
2017-06-16,1.4109103294351195
2017-06-19,1.4151975246669168
2017-06-20,1.4158637373619003
2017-06-21,1.4173736241713504
2017-06-22,1.4176554126621475
2017-06-23,1.4190537035488995
2017-06-26,1.4220010959261082
2017-06-27,1.4236382469503432
2017-06-28,1.4228600491412653
2017-06-29,1.424067638185283
2017-06-30,1.4230411629065416
2017-07-03,1.4217391869779552
2017-07-04,1.4195930133349186
2017-07-05,1.422558474147491
2017-07-06,1.4237024464178272
2017-07-07,1.4235576748100476
2017-07-10,1.423147109874552
2017-07-11,1.4253068046493278
2017-07-12,1.4254391230392598
2017-07-13,1.4280064752821569
2017-07-14,1.429554134917197
2017-07-17,1.4304228294937333
2017-07-18,1.42986372795429
2017-07-19,1.4330122178595164
2017-07-20,1.4338736204099611
2017-07-21,1.4326463615885996
2017-07-24,1.4336972410987086
2017-07-25,1.432599030567699
2017-07-26,1.4309620754754464
2017-07-27,1.4321443904449722
2017-07-28,1.4322896811511237
2017-07-31,1.4331841541860069
2017-08-01,1.43529035390831
2017-08-02,1.4351018070037145
2017-08-03,1.4328701173767902
2017-08-04,1.4327320537310297
2017-08-07,1.4323068467261053
2017-08-08,1.4322207260772037
2017-08-09,1.4319344978535702
2017-08-10,1.4318298891630061
2017-08-11,1.4299256671324154
2017-08-14,1.4323266916540587
2017-08-15,1.4328248987731782
2017-08-16,1.4321977462492252
2017-08-17,1.4332815732890907
2017-08-18,1.4338703510973712
2017-08-21,1.4337926339032052
2017-08-22,1.4345876378674256
2017-08-23,1.4353314980748746
2017-08-24,1.4340263846214814
2017-08-25,1.4371829735290933
2017-08-28,1.4394273148218533
2017-08-29,1.440056201044306
2017-08-30,1.4385879067225027
2017-08-31,1.4378327115041898
2017-09-01,1.438895889935896
2017-09-04,1.4402397106052491
2017-09-05,1.4406648292589053
2017-09-06,1.4404952554768755
2017-09-07,1.43981328070454
2017-09-08,1.440542832173325
2017-09-11,1.440606834165917
2017-09-12,1.4412484177869385
2017-09-13,1.4413948678195279
2017-09-14,1.4410011788268238
2017-09-15,1.441112906635426
2017-09-18,1.4413437164916076
2017-09-19,1.4409765663121374
2017-09-20,1.4411062105146069
2017-09-21,1.4406685908875299
2017-09-22,1.4417260534834562
2017-09-25,1.44214897098129
2017-09-26,1.443438740520602
2017-09-27,1.441948056297172
2017-09-28,1.4418010866020148
2017-09-29,1.4430298621501279
2017-10-09,1.4454132468447172
2017-10-10,1.4455246880084152
2017-10-11,1.4461469341168418
2017-10-12,1.4467189598016605
2017-10-13,1.4470624219979686
2017-10-16,1.4471042518966426
2017-10-17,1.4455928205515838
2017-10-18,1.4471899433873143
2017-10-19,1.4473597707515111
2017-10-20,1.4468796869177591
2017-10-23,1.4470338162771033
2017-10-24,1.448552149004131
2017-10-25,1.4479001633135107
2017-10-26,1.4491535959006148
2017-10-27,1.4500085786100407
2017-10-30,1.4470613764779172
2017-10-31,1.4467823296046705
2017-11-01,1.4471680939220168
2017-11-02,1.4473299980563923
2017-11-03,1.447470822972562
2017-11-06,1.4479205821081396
2017-11-07,1.449689937837983
2017-11-08,1.449467812329206
2017-11-09,1.4509649639456859
2017-11-10,1.4525207943539566
2017-11-13,1.4519237236566251
2017-11-14,1.4500478305024702
2017-11-15,1.4491655338938485
2017-11-16,1.451195704478025
2017-11-17,1.4540756281607579
2017-11-20,1.455415619783309
2017-11-21,1.457696582384091
2017-11-22,1.4570310525379913
2017-11-23,1.4512989344887304
2017-11-24,1.4516941772348635
2017-11-27,1.4500526907175981
2017-11-28,1.4495174673147941
2017-11-29,1.4498070383366335
2017-11-30,1.4476581785482028
2017-12-01,1.4467843505319924
2017-12-04,1.44874901774465
2017-12-05,1.4514164622190162
2017-12-06,1.4496217875945614
2017-12-07,1.4469069842703814
2017-12-08,1.4476605211463585
2017-12-11,1.4502953307728608
2017-12-12,1.446991196474965
2017-12-13,1.4484908028081078
2017-12-14,1.448025808611638
2017-12-15,1.4463607241506335
2017-12-18,1.4472634307321397
2017-12-19,1.4503793411192498
2017-12-20,1.4502764011252125
2017-12-21,1.451365098729074
2017-12-22,1.4508147939255243
2017-12-25,1.4511724997886413
2017-12-26,1.4519442561723275
2017-12-27,1.4485173774468194
2017-12-28,1.4502291219290586
2017-12-29,1.4508101611125528
2018-01-02,1.455399512921096
2018-01-03,1.4565138450565966
2018-01-04,1.4566195987197719
2018-01-05,1.4581609052066238
2018-01-08,1.4600174879664953
2018-01-09,1.4618848315102588
2018-01-10,1.4623414696838979
2018-01-11,1.46235801644766
2018-01-12,1.4636453880692253
2018-01-15,1.4647999813699684
2018-01-16,1.4656764444285406
2018-01-17,1.4652381784745379
2018-01-18,1.4657709061346378
2018-01-19,1.4662269545312572
2018-01-22,1.4680470778166803
2018-01-23,1.4705781605212067
2018-01-24,1.471255871215404
2018-01-25,1.4707740000245044
2018-01-26,1.4712015881599343
2018-01-29,1.4686165446420065
2018-01-30,1.4662720164499619
2018-01-31,1.4679664174484395
2018-02-01,1.4679920752248623
2018-02-02,1.4692659915630961
2018-02-05,1.4695877180922658
2018-02-06,1.4675264109508395
2018-02-07,1.4631435089315656
2018-02-08,1.4607331879707186
2018-02-09,1.4551799764418256
2018-02-12,1.4567800511210336
2018-02-13,1.4592636970669932
2018-02-14,1.461275251722255
2018-02-22,1.4650273568587948
2018-02-23,1.4664381355543283
2018-02-26,1.469919739876981
2018-02-27,1.4683550311225126
2018-02-28,1.4666558669778216
2018-03-01,1.467420959139175
2018-03-02,1.466547808654467
2018-03-05,1.467109957374322
2018-03-06,1.4684992166072186
2018-03-07,1.4685775713505296
2018-03-08,1.470009025814682
2018-03-09,1.4705290127362107
2018-03-12,1.4716113004460938
2018-03-13,1.4701947646462055
2018-03-14,1.4698862992301325
2018-03-15,1.4709371638339372
2018-03-16,1.4698349751132185
2018-03-19,1.4705099232653318
2018-03-20,1.4715914750359964
2018-03-21,1.4717971913111254
2018-03-22,1.4720564669018619
2018-03-23,1.47144988728597
2018-03-26,1.4704812778724123
2018-03-27,1.4711241977208678
2018-03-28,1.4684134546161773
2018-03-29,1.4696988340750767
2018-03-30,1.4699064851963568
2018-04-02,1.4704536455411494
2018-04-03,1.4709511431406113
2018-04-04,1.4716271719375724
2018-04-09,1.474281606790883
2018-04-10,1.4771217594769264
2018-04-11,1.4781844224736196
2018-04-12,1.4779600139504983
2018-04-13,1.4772530719214123
2018-04-16,1.4771983596239597
2018-04-17,1.4769583667346005
2018-04-18,1.4847028411946068
2018-04-19,1.4857101106750072
2018-04-20,1.4841696118035963
2018-04-23,1.4830153321006896
2018-04-24,1.4849030554818596
2018-04-25,1.4839354280054229
2018-04-26,1.4821590883695037
2018-04-27,1.4810997323018165
2018-05-02,1.4807858649568557
2018-05-03,1.4812161575953458
2018-05-04,1.4809600425295824
2018-05-07,1.482746432051909
2018-05-08,1.4832045453264966
2018-05-09,1.4820611881409174
2018-05-10,1.4826502208582277
2018-05-11,1.4825553012315442
2018-05-14,1.4835770468659266
2018-05-15,1.482680173763629
2018-05-16,1.4806007001093997
2018-05-17,1.4790229267605877
2018-05-18,1.4805628598685678
2018-05-21,1.4814259317015743
2018-05-22,1.481796718026428
2018-05-23,1.4812886356745605
2018-05-24,1.4813391900239352
2018-05-25,1.482579104218964
2018-05-28,1.483338826458647
2018-05-29,1.4828055962669293
2018-05-30,1.4811421099326731
2018-05-31,1.4828345595996761
2018-06-01,1.481805751665158
2018-06-04,1.4824191104347837
2018-06-05,1.4825230542642829
2018-06-06,1.4821320906881916
2018-06-07,1.4821805732434599
2018-06-08,1.4812511295015038
2018-06-11,1.481625231242939
2018-06-12,1.4821238346669765
2018-06-13,1.4814836640956843
2018-06-14,1.482095800520549
2018-06-15,1.4826207131975724
2018-06-19,1.4809026988483167
2018-06-20,1.4803155138527768
2018-06-21,1.4797078820361484
2018-06-22,1.4807432715778506
2018-06-25,1.4798177612717875
2018-06-26,1.4792378483332083
2018-06-27,1.4778439034100328
2018-06-28,1.4781232979501666
2018-06-29,1.482730542381475
2018-07-02,1.4811633652713723
2018-07-03,1.4821935710705818
2018-07-04,1.481779633044742
2018-07-05,1.4827407120543485
2018-07-06,1.4838022203267978
2018-07-09,1.4863719728242912
2018-07-10,1.4861678519040458
2018-07-11,1.4854036997027673
2018-07-12,1.4871042041683462
2018-07-13,1.4879808118717759
2018-07-16,1.488645325312163
2018-07-17,1.488146293856614
2018-07-18,1.4873553073219963
2018-07-19,1.4891734182665672
2018-07-20,1.4919593067451364
2018-07-23,1.4939303477007118
2018-07-24,1.4951661303478554
2018-07-25,1.4953891065807632
2018-07-26,1.495513258305447
2018-07-27,1.4962143876440892
2018-07-30,1.4976434931074956
2018-07-31,1.4995734569367283
2018-08-01,1.4988435757749894
2018-08-02,1.4980275037235213
2018-08-03,1.497817513464458
2018-08-06,1.498401181133765
2018-08-07,1.5016494450364475
2018-08-08,1.499724597308662
2018-08-09,1.4999286445417048
2018-08-10,1.4989180410923348
2018-08-13,1.497221359102359
2018-08-14,1.496131294713265
2018-08-15,1.494152975620939
2018-08-16,1.4922165755444141
2018-08-17,1.4881259539328802
2018-08-20,1.489899020642472
2018-08-21,1.4909914848612191
2018-08-22,1.4911300730006785
2018-08-23,1.4924851556688403
2018-08-24,1.493377560603989
2018-08-27,1.4958878305575904
2018-08-28,1.4959967355928883
2018-08-29,1.4954034438493808
2018-08-30,1.495497848298821
2018-08-31,1.49599746068256
2018-09-03,1.4950788656770808
2018-09-04,1.4956515193416824
2018-09-05,1.494005877406191
2018-09-06,1.4935764523088524
2018-09-07,1.4941055414163908
2018-09-10,1.4925163447200287
2018-09-11,1.491760748763291
2018-09-12,1.4912901233042073
2018-09-13,1.4931475664696316
2018-09-14,1.494178624577555
2018-09-17,1.4936925065162683
2018-09-18,1.4959001712293485
2018-09-19,1.4969714089117148
2018-09-20,1.4966920165970432
2018-09-21,1.5003544393180686
2018-09-25,1.499805168912698
2018-09-26,1.5016301976515944
2018-09-27,1.5019757540713445
2018-09-28,1.5026455619587908
2018-10-08,1.501623951386214
2018-10-09,1.5018366775090306
2018-10-10,1.5023005519155213
2018-10-11,1.5009836064347124
2018-10-12,1.5043209480598287
2018-10-15,1.50521728074207
2018-10-16,1.5051937021481465
2018-10-17,1.5055919041991137
2018-10-18,1.5046224269649238
2018-10-19,1.5075450292048582
2018-10-22,1.5109374013376244
2018-10-23,1.5097225421792682
2018-10-24,1.510711331442228
2018-10-25,1.511590725657798
2018-10-26,1.511843965457541
2018-10-29,1.5106126746018853
2018-10-30,1.5114702471565922
2018-10-31,1.5117773835877706
2018-11-01,1.5132366264331405
2018-11-02,1.5149637119954213
2018-11-05,1.5151255476388323
2018-11-06,1.515006382265776
2018-11-07,1.5157424717381092
2018-11-08,1.5155776000998311
2018-11-09,1.5145181142552508
2018-11-12,1.5148006426430278
2018-11-13,1.5157864731796784
2018-11-14,1.516731432717535
2018-11-15,1.5195802440180723
2018-11-16,1.5218748494243757
2018-11-19,1.5242004299379348
2018-11-20,1.522580357938512
2018-11-21,1.5232735418633392
2018-11-22,1.5229871867022617
2018-11-23,1.521253207246624
2018-11-26,1.5215534534500872
2018-11-27,1.521233913962515
2018-11-28,1.5220853815983402
2018-11-29,1.5226967614276758
2018-11-30,1.5238985921251949
2018-12-03,1.526280319559056
2018-12-04,1.5276992821943758
2018-12-05,1.5286967968373133
2018-12-06,1.528302786034369
2018-12-07,1.5291475718002132
2018-12-10,1.5306858063886257
2018-12-11,1.5312545981152261
2018-12-12,1.5314685947392717
2018-12-13,1.5314437955381721
2018-12-14,1.5294747770869979
2018-12-17,1.5287103254055738
2018-12-18,1.5283326740414922
2018-12-19,1.5278648101845884
2018-12-20,1.5282856872000696
2018-12-21,1.5287533174911019
2018-12-24,1.5294739704162132
2018-12-25,1.529893490509602
2018-12-26,1.5301650150724129
2018-12-27,1.5302271266013912
2018-12-28,1.5334425426765916
2019-01-02,1.535819664530412
2019-01-03,1.5376521713757192
2019-01-04,1.5399133342628621
2019-01-07,1.5406923020472811
2019-01-08,1.54157981307486
2019-01-09,1.542343720027732
2019-01-10,1.5424252160035292
2019-01-11,1.54297194936762
2019-01-14,1.5423930793230007
2019-01-15,1.5431163471159899
2019-01-16,1.5449721307597823
2019-01-17,1.5453171330944129
2019-01-18,1.5466835036962436
2019-01-21,1.5467680055188808
2019-01-22,1.546025664043558
2019-01-23,1.5456644654323326
2019-01-24,1.5458168124046205
2019-01-25,1.5461835165831355
2019-01-28,1.5468953852329272
2019-01-29,1.5484790275188698
2019-01-30,1.548893992283904
2019-01-31,1.5506391201930487
2019-02-01,1.5521318102563555
2019-02-11,1.5553980955562867
2019-02-12,1.5564891402640657
2019-02-13,1.5579851897938337
2019-02-14,1.558044895163775
2019-02-15,1.5576131470400536
2019-02-18,1.5601629445423635
2019-02-19,1.560312467340931
2019-02-20,1.5615185016351587
2019-02-21,1.5605731184284446
2019-02-22,1.5614318800807643
2019-02-25,1.5647583398430547
2019-02-26,1.5619765875937472
2019-02-27,1.5624550447650372
2019-02-28,1.5613504039698145
2019-03-01,1.5621740737552943
2019-03-04,1.5607902765913906
2019-03-05,1.5600562203713884
2019-03-06,1.5610525726947446
2019-03-07,1.560467713734594
2019-03-08,1.5598093027845423
2019-03-11,1.5618651511556247
2019-03-12,1.5618401203099992
2019-03-13,1.562498020379566
2019-03-14,1.561859993104014
2019-03-15,1.5627413799906946
2019-03-18,1.565025638756989
2019-03-19,1.5651054833015892
2019-03-20,1.5648520188551973
2019-03-21,1.566037026869331
2019-03-22,1.5666783712033827
2019-03-25,1.566433048227833
2019-03-26,1.5666488836924954
2019-03-27,1.567417675223035
2019-03-28,1.5674357670129877
2019-03-29,1.5683498298116538
2019-04-01,1.5695523128609348
2019-04-02,1.5684019517346592
2019-04-03,1.5678605988120833
2019-04-04,1.5679333763545722
2019-04-08,1.5688205376517317
2019-04-09,1.5680368237856084
2019-04-10,1.5683680173975785
2019-04-11,1.5672755762897306
2019-04-12,1.5658705584709858
2019-04-15,1.5635580044986777
2019-04-16,1.5644263316685028
2019-04-17,1.5633244192619207
2019-04-18,1.5634826577029055
2019-04-19,1.5648263724383933
2019-04-22,1.5633524085514334
2019-04-23,1.5628108072277
2019-04-24,1.5619097733089702
2019-04-25,1.5615734977152238
2019-04-26,1.5614660917363687
2019-04-29,1.562147231590859
2019-04-30,1.563071376834229
2019-05-06,1.562336738564148
2019-05-07,1.5628721250554602
2019-05-08,1.563058164309179
2019-05-09,1.5633896941805807
2019-05-10,1.5661157024507957
2019-05-13,1.5669542217167205
2019-05-14,1.5682395820432382
2019-05-15,1.5695559730978808
2019-05-16,1.5709135798126528
2019-05-17,1.569172228322111
2019-05-20,1.5687813252336587
2019-05-21,1.5690973541495243
2019-05-22,1.5682866205076906
2019-05-23,1.5679403733966253
2019-05-24,1.5693127704540544
2019-05-27,1.5692974404492055
2019-05-28,1.570063616097794
2019-05-29,1.5710734328325187
2019-05-30,1.570618184260144
2019-05-31,1.5720835626082406
2019-06-03,1.574846051721146
2019-06-04,1.5763877942062337
2019-06-05,1.577374493752911
2019-06-06,1.5774787202310316
2019-06-10,1.5784275523720461
2019-06-11,1.5788827921849395
2019-06-12,1.5793752756045814
2019-06-13,1.5797959247552193
2019-06-14,1.5815195444249899
2019-06-17,1.5808536747995428
2019-06-18,1.5821487019497025
2019-06-19,1.5827688827755626
2019-06-20,1.5882112738745355
2019-06-21,1.5895537599195781
2019-06-24,1.5909666535317557
2019-06-25,1.5931563441110153
2019-06-26,1.5910624021851802
2019-06-27,1.5918338803974343
2019-06-28,1.592551080227287
2019-07-01,1.5922909078529763
2019-07-02,1.594345761379371
2019-07-03,1.5969527301548854
2019-07-04,1.5965215691260555
2019-07-05,1.5969259055079956
2019-07-08,1.5953322475918175
2019-07-09,1.5946930925938276
2019-07-10,1.5945393631536313
2019-07-11,1.596454323421694
2019-07-12,1.5967149412730541
2019-07-15,1.5971095683224654
2019-07-16,1.5968951990025761
2019-07-17,1.596281967607324
2019-07-18,1.5969530943726142
2019-07-19,1.5985802693250653
2019-07-22,1.5985972040390968
2019-07-23,1.5985530577417788
2019-07-24,1.5992497181133463
2019-07-25,1.6000087740378508
2019-07-26,1.6001212091784498
2019-07-29,1.6002609748406262
2019-07-30,1.6011446878039202
2019-07-31,1.6017272635358228
2019-08-01,1.6003127231974978
2019-08-02,1.6031608038965932
2019-08-05,1.6062513483645853
2019-08-06,1.606281027056991
2019-08-07,1.6086695161549662
2019-08-08,1.6107169327750126
2019-08-09,1.6111631399028086
2019-08-12,1.6118201646688608
2019-08-13,1.6146488905325584
2019-08-14,1.6132716800840614
2019-08-15,1.6148447173798888
2019-08-16,1.6152281185666784
2019-08-19,1.6165792361557805
2019-08-20,1.616279419866618
2019-08-21,1.6155670562990672
2019-08-22,1.6161770715889077
2019-08-23,1.6163699110469878
2019-08-26,1.6195545799947177
2019-08-27,1.6201304950998658
2019-08-28,1.6202147791006514
2019-08-29,1.621088949270088
2019-08-30,1.6195152457571171
2019-09-02,1.6198704543780353
2019-09-03,1.620459210635368
2019-09-04,1.6218108668592697
2019-09-05,1.6240401717929067
2019-09-06,1.6225637150223626
2019-09-09,1.6229995138603697
2019-09-10,1.6216338256029779
2019-09-11,1.6215631631576803
2019-09-12,1.6219304494638989
2019-09-16,1.6221206275773132
2019-09-17,1.620923739485871
2019-09-18,1.6210770852322471
2019-09-19,1.6211191413063246
2019-09-20,1.621667264286346
2019-09-23,1.622223876393324
2019-09-24,1.6224206654134465
2019-09-25,1.6227258153992123
2019-09-26,1.6210513925383456
2019-09-27,1.6206397571445372
2019-09-30,1.6204949861303428
2019-10-08,1.6223853124942222
2019-10-09,1.6233451097988763
2019-10-10,1.6234672332387872
2019-10-11,1.6236469885731888
2019-10-14,1.6236597867531335
2019-10-15,1.623638378712674
2019-10-16,1.6235133096285637
2019-10-17,1.6240794015881417
2019-10-18,1.6228177819161942
2019-10-21,1.622658285271522
2019-10-22,1.6225846846246417
2019-10-23,1.6224384893982435
2019-10-24,1.6221068348583203
2019-10-25,1.6227274732494958
2019-10-28,1.6224322575916463
2019-10-29,1.6214264325224992
2019-10-30,1.6201533478297705
2019-10-31,1.6202514123668954
2019-11-01,1.622092401629764
2019-11-04,1.622371786228675
2019-11-05,1.6233879378988685
2019-11-06,1.622969904187056
2019-11-07,1.6231375633781449
2019-11-08,1.6224109860364189
2019-11-11,1.6223137467125925
2019-11-12,1.6223644413410956
2019-11-13,1.623189762039332
2019-11-14,1.6233810352700244
2019-11-15,1.6234527719857992
2019-11-18,1.6253242342863152
2019-11-19,1.627017890119041
2019-11-20,1.6271513551429886
2019-11-21,1.6276423309686001
2019-11-22,1.6275360555782414
2019-11-25,1.6276687587509548
2019-11-26,1.6280913588099706
2019-11-27,1.6282768914876877
2019-11-28,1.6282155343734162
2019-11-29,1.6281399575439754
2019-12-02,1.628178589275727
2019-12-03,1.6289682900375504
2019-12-04,1.6302427216962916
2019-12-05,1.6304617673530357
2019-12-06,1.6305583589282022
2019-12-09,1.6304990000556068
2019-12-10,1.6310506487803738
2019-12-11,1.6314583982186774
2019-12-12,1.63181630595929
2019-12-13,1.6324755824598256
2019-12-16,1.6333647643152955
2019-12-17,1.6336577139221944
2019-12-18,1.6336492767146116
2019-12-19,1.633625401932158
2019-12-20,1.6345583390527076
2019-12-23,1.635221599651277
2019-12-24,1.636377479311649
2019-12-25,1.6371244488134473
2019-12-26,1.6387693146280833
2019-12-27,1.6391913624168952
2019-12-30,1.640575870294364
2019-12-31,1.6411506365005692
2020-01-02,1.6422565104897537
2020-01-03,1.6431137960553897
2020-01-06,1.6448180113106035
2020-01-07,1.645021482005032
2020-01-08,1.6456130104954982
2020-01-09,1.6453850166571586
2020-01-10,1.646393376014017
2020-01-13,1.6474381167096195
2020-01-14,1.6467616911619571
2020-01-15,1.6466727986829797
2020-01-16,1.6466304383251995
2020-01-17,1.6469661885067362
2020-01-20,1.6483039073150088
2020-01-21,1.6488642191120042
2020-01-22,1.649081256707437
2020-01-23,1.648628258002868
2020-02-03,1.6533132766947434
2020-02-04,1.654261147739243
2020-02-05,1.6547767169870073
2020-02-06,1.655820925810835
2020-02-07,1.6572375106188124
2020-02-10,1.658763737368717
2020-02-11,1.659207966853342
2020-02-12,1.6600216591146792
2020-02-13,1.6605428761160026
2020-02-14,1.660984221272593
2020-02-17,1.6626501644745535
2020-02-18,1.6630919619274234
2020-02-19,1.6637966526833234
2020-02-20,1.6652903248339583
2020-02-21,1.6670957903785193
2020-02-24,1.6686275868712812
2020-02-25,1.6676020096985213
2020-02-26,1.6680506918332816
2020-02-27,1.669095404737475
2020-02-28,1.6671542460130073
2020-03-02,1.668866105217332
2020-03-03,1.6690992374338294
2020-03-04,1.6718789845076742
2020-03-05,1.6737754949802737
2020-03-06,1.674943089455288
2020-03-09,1.6768516717804274
2020-03-10,1.6756955633510824
2020-03-11,1.6751488211237955
2020-03-12,1.6733492805693093
2020-03-13,1.6692696321226312
2020-03-16,1.6656651395318676
2020-03-17,1.6623765264674373
2020-03-18,1.6621353167172297
2020-03-19,1.6606117437465515
2020-03-20,1.6629162322019526
2020-03-23,1.6628557365393086
2020-03-24,1.6675686909247658
2020-03-25,1.6702250294495355
2020-03-26,1.6708754625010231
2020-03-27,1.6716935648095481
2020-03-30,1.6715213299072238
2020-03-31,1.672483223980476
2020-04-01,1.672793487233182
2020-04-02,1.6741857599102363
2020-04-03,1.6740248853920108
2020-04-07,1.6812360280169936
2020-04-08,1.6833452642293547
2020-04-09,1.684177423488539
2020-04-10,1.683894998726741
2020-04-13,1.6839336097216953
2020-04-14,1.6859569517341777
2020-04-15,1.6855942780671234
2020-04-16,1.6870124509520124
2020-04-17,1.687085219247987
2020-04-20,1.6872418885226461
2020-04-21,1.687406072962632
2020-04-22,1.6885739029665972
2020-04-23,1.6907092077175634
2020-04-24,1.6912627851516175
2020-04-27,1.6917918261947102
2020-04-28,1.6921761808868696
2020-04-29,1.6933347000300731
2020-04-30,1.694161223724073
2020-05-06,1.694198986376736
2020-05-07,1.6925009602668972
2020-05-08,1.692822507225978
2020-05-11,1.6906778734807804
2020-05-12,1.6901272351979915
2020-05-13,1.6899765243751668
2020-05-14,1.6895215402114154
2020-05-15,1.6902917007489604
2020-05-18,1.6910389707712354
2020-05-19,1.6905384840910977
2020-05-20,1.6910093475987293
2020-05-21,1.6903343939057422
2020-05-22,1.6902047108944338
2020-05-25,1.6896568495008433
2020-05-26,1.688681301787893
2020-05-27,1.6869202560570253
2020-05-28,1.6871925045441636
2020-05-29,1.687282763912494
2020-06-01,1.6890637609396155
2020-06-02,1.686094277907469
2020-06-03,1.6825584822466337
2020-06-04,1.6805081079016448
2020-06-05,1.6780621984898796
2020-06-08,1.6781077514263034
2020-06-09,1.6791379375388498
2020-06-10,1.6796399425608763
2020-06-11,1.6805212188932734
2020-06-12,1.6818036079972418
2020-06-15,1.6815196029657216
2020-06-16,1.6811915221573612
2020-06-17,1.680482382925913
2020-06-18,1.681203759115313
2020-06-19,1.6816161862792973
2020-06-22,1.681281438008234
2020-06-23,1.6802355654520773
2020-06-24,1.6817416676993828
2020-06-29,1.682510384853726
2020-06-30,1.6838906844434074
2020-07-01,1.6856543985530636
2020-07-02,1.6875309041125452
2020-07-03,1.6893885715602879
2020-07-06,1.6921951954174776
2020-07-07,1.6905415855758383
2020-07-08,1.6908852237051593
2020-07-09,1.68961546958055
2020-07-10,1.6870658023673493
2020-07-13,1.6876061830099705
2020-07-14,1.6869162756613387
2020-07-15,1.6867222435581737
2020-07-16,1.6833729917427633
2020-07-17,1.6843774794497528
2020-07-20,1.688494698696493
2020-07-21,1.690891219635103
2020-07-22,1.6935445408013399
2020-07-23,1.6941916484987065
2020-07-24,1.6925431219077645
2020-07-27,1.6946279210113433
2020-07-28,1.6945758286156216
2020-07-29,1.6961020615678244
2020-07-30,1.694963773458885
2020-07-31,1.6956896168195434
2020-08-03,1.6969213579060634
2020-08-04,1.697482719049652
2020-08-05,1.698207052572723
2020-08-06,1.6981885128626888
2020-08-07,1.6975029019017769
2020-08-10,1.6986129289132936
2020-08-11,1.697376429540237
2020-08-12,1.6939770883802079
2020-08-13,1.694885458078669
2020-08-14,1.697325747133101
2020-08-17,1.7007886507912113
2020-08-18,1.7017033452346868
2020-08-19,1.6991198678723551
2020-08-20,1.696526191961194
2020-08-21,1.6973908355829848
2020-08-24,1.6978831276312993
2020-08-25,1.6965537683709215
2020-08-26,1.6950750305160762
2020-08-27,1.6954334025317983
2020-08-28,1.6968754339791063
2020-08-31,1.697309316474955
2020-09-01,1.6978919673077963
2020-09-02,1.6962515395661586
2020-09-03,1.6949754837421753
2020-09-04,1.693912956214604
2020-09-07,1.691648746866591
2020-09-08,1.6927571614636867
2020-09-09,1.692053156458142
2020-09-10,1.6928580975225813
2020-09-11,1.6932077577504523
2020-09-14,1.6937990962532177
2020-09-15,1.6955475320583686
2020-09-16,1.6952555295753926
2020-09-17,1.6944539052203087
2020-09-18,1.6968916287347193
2020-09-21,1.6968533610274428
2020-09-22,1.6952483628132495
2020-09-23,1.695007918129337
2020-09-24,1.6930706301606084
2020-09-25,1.6932434991929186
2020-09-28,1.6939765277046477
2020-09-29,1.6943427912430231
2020-09-30,1.6938214186910794
2020-10-09,1.6960585655649316
2020-10-12,1.6996123435116344
2020-10-13,1.6995544356393562
2020-10-14,1.698380726054505
2020-10-15,1.698272721207317
2020-10-16,1.698812953100199
2020-10-19,1.6990917200002948
2020-10-20,1.6995102013899863
2020-10-21,1.7006376273646018
2020-10-22,1.7013443954089775
2020-10-23,1.7003882851484775
2020-10-26,1.699811085133863
2020-10-27,1.7007976038502435
2020-10-28,1.701364048655194
2020-10-29,1.7013376272526186
2020-10-30,1.699941396080602
2020-11-02,1.7009401852359651
2020-11-03,1.7025053660269949
2020-11-04,1.7037416021913931
2020-11-05,1.7047822816290985
2020-11-06,1.7050331229551965
2020-11-09,1.7064691383222443
2020-11-10,1.7048755813815881
2020-11-11,1.7036927398555113
2020-11-12,1.7024369746090713
2020-11-13,1.699970863588658
2020-11-16,1.700686646459962
2020-11-17,1.7000616155699944
2020-11-18,1.6986035142972276
2020-11-19,1.6975993985945426
2020-11-20,1.6971644991686194
2020-11-23,1.6994090491618015
2020-11-24,1.697709970866191
2020-11-25,1.6966303843326824
2020-11-26,1.697190005398236
2020-11-27,1.698409755293607
2020-11-30,1.698899215676598
2020-12-01,1.701772773014367
2020-12-02,1.7023138412091585
2020-12-03,1.7030981052881895
2020-12-04,1.7038202210533477
2020-12-07,1.7034838977202873
2020-12-08,1.7044559937235113
2020-12-09,1.7035740700204836
2020-12-10,1.7035927359107361
2020-12-11,1.7024549724677935
2020-12-14,1.7036673669196232
2020-12-15,1.704844573825131
2020-12-16,1.7059513345850417
2020-12-17,1.707740173396802
2020-12-18,1.707742415359591
2020-12-21,1.7101570482768016
2020-12-22,1.7092711431590506
2020-12-23,1.7105617070622734
2020-12-24,1.710465703222683
2020-12-25,1.7121429862650372
2020-12-28,1.7134473161174146
2020-12-29,1.7135915033441576
2020-12-30,1.7158873574801177
2020-12-31,1.717758462679493
